Benzophenone,Alanine,Oatmeal agar,Oatmeal agar (raw),Wavenumber,Wavelength
1141.73,3833.875808,34997.08306,32600.56,267.1014714,801.62
1195.18,4217.006021,35107.18236,34159.77,269.2797584,801.76
1284.17,4643.638249,35218.86511,35044.96,271.4572848,801.9
1424.28,5118.8725,35331.99583,35561.14,273.7895053,802.05
1617.91,5581.408783,35446.43814,35907.77,275.9654575,802.19
1877.36,5989.647106,35562.05683,36180.67,278.1406503,802.33
2207.38,6264.987475,35678.71898,36435.65,280.3150841,802.47
2613.1,6353.6299,35796.29478,36723.86,282.4887594,802.61
2955.68,6142.374388,35914.65819,36867.8,284.6616765,802.75
3041.49,5677.520946,36033.68781,37078.3,286.8338358,802.89
2863.69,5067.469583,36153.26701,37181.95,289.0052377,803.03
2501.74,4428.320306,36273.28439,37309.15,291.3308998,803.18
2007.83,3859.673123,36393.63367,37447.96,293.5007341,803.32
1536.94,3495.628042,36514.21378,37515.54,295.6698122,803.46
1280.29,3271.48507,36634.9289,37672.46,297.8381345,803.6
1171.29,3111.944215,36755.68822,37747.41,300.0057015,803.74
1119.65,2998.505484,36876.40613,37795.62,302.1725135,803.88
1086.94,2816.768886,36997.00195,37872.47,304.3385709,804.02
1066.11,2694.734428,37117.39964,37922.1,306.5038741,804.16
1049.68,2605.702117,37237.52749,37941.96,308.8230053,804.31
1036.12,2558.271961,37357.31785,38019.53,310.9867475,804.45
1022.53,2570.543968,37476.70657,38080.18,313.1497367,804.59
1015.29,2645.618145,37595.63282,38293.91,315.3119733,804.73
1009.59,2771.294499,37714.0388,38336.28,317.4734577,804.87
1003.49,2875.573039,37831.87017,38455.49,319.6341903,805.01
998.42,2998.853772,37949.07573,38631.65,321.7941714,805.15
994.49,3093.436705,38065.60738,38674.46,323.9534015,805.29
988,3113.721846,38181.42044,38844.3,326.111881,805.43
985.43,3064.609202,38296.47329,38930.49,328.4237051,805.58
982.42,3009.79878,38410.72759,38973.44,330.580631,805.72
979.43,2910.490589,38524.1482,39031.82,332.7368074,805.86
979.94,2851.684635,38636.70277,39102.36,334.8922348,806
974.06,2764.480927,38748.36152,39113.23,337.0469135,806.14
973.35,2698.87947,38859.09696,39231.68,339.2008439,806.28
969.1,2615.180274,38968.88345,39244.07,341.3540265,806.42
969.79,2534.783344,39077.69722,39362.4,343.5064616,806.56
965.53,2394.888689,39185.51584,39494.89,345.6581496,806.7
966.96,2274.596316,39292.31834,39510.05,347.8090909,806.84
970.23,2188.406232,39398.08528,39655.2,350.1128427,806.99
978.66,2117.518444,39502.7983,39730.31,352.2622385,807.13
989.96,2062.13296,39606.44036,39882.63,354.4108888,807.27
1007.55,2032.449788,39708.99552,39972.02,356.5587939,807.41
1032.98,2027.068934,39810.44923,40144.23,358.7059543,807.55
1067.48,2029.490405,39910.78827,40223.39,360.8523704,807.69
1109.75,2018.714209,40010.00108,40391.75,362.9980425,807.83
1160.79,2037.140354,40108.07765,40485.98,365.142971,807.97
1222.34,2042.068846,40205.00991,40571.29,367.2871563,808.11
1294.99,2060.499692,40300.79165,40690.23,369.4305988,808.25
1375.78,2076.232901,40395.4185,40770.96,371.5732989,808.39
1456.75,2115.068478,40488.88804,40776.4,373.715257,808.53
1510.7,2151.406432,40581.19973,40874.16,376.0093891,808.68
1514.34,2194.94677,40672.35447,40909.69,378.1498113,808.82
1466.19,2261.889498,40762.35461,40935.1,380.2894927,808.96
1374.34,2328.134624,40851.2037,41030.68,382.4284336,809.1
1267.39,2455.882155,40938.90615,41085.86,384.5666344,809.24
1175.88,2571.832099,41025.46726,41172.29,386.7040955,809.38
1125.4,2744.784462,41110.89309,41292.29,388.8408174,809.52
1135.43,2980.539251,41195.19039,41382.82,390.9768002,809.66
1206.75,3278.896474,41278.36687,41479.96,393.1120446,809.8
1356.44,3671.256137,41360.43113,41585.57,395.2465508,809.94
1614.68,4150.818249,41441.39281,41672.34,397.3803191,810.08
2019.68,4750.682815,41521.26266,41716.69,399.5133501,810.22
2521.47,5436.349843,41600.05259,41765.55,401.6456441,810.36
2909.98,6104.11934,41677.77549,41928.92,403.7772015,810.5
3158.14,6696.491313,41754.44508,41920.53,405.9080226,810.64
3298.55,7015.065769,41830.07632,41987.61,408.0381078,810.78
3133.09,7025.542714,41904.685,42011.7,410.3195258,810.93
2684.32,6734.622156,41978.28774,42166.71,412.4480879,811.07
2243.98,6138.804102,42050.90163,42150.83,414.5759153,811.21
1824.95,5437.388558,42122.54475,42329.89,416.7030084,811.35
1386.53,4710.575532,42193.23567,42348.93,418.8293676,811.49
1125.51,4041.865029,42262.99398,42377.6,420.9549932,811.63
1043.74,3495.657057,42331.84007,42475,423.0798856,811.77
1046.86,3081.151622,42399.79489,42477.81,425.2040452,811.91
1097.03,2785.648732,42466.8801,42502.03,427.3274724,812.05
1197.41,2558.048392,42533.11777,42567.03,429.4501676,812.19
1353.28,2388.050609,42598.53013,42645.73,431.572131,812.33
1556.92,2276.955391,42663.13958,42719.05,433.6933632,812.47
1775.06,2185.462744,42726.96877,42781.35,435.8138645,812.61
1931.53,2103.172674,42790.04062,42925.06,437.9336353,812.75
1930.58,2038.585188,42852.37831,42954,440.0526759,812.89
1801.87,1997.000293,42914.00572,43011.42,442.1709867,813.03
1590.4,1979.917995,42974.94721,43049.44,444.2885681,813.17
1341.95,1951.538301,43035.22766,43139.39,446.4054205,813.31
1134.95,1938.061218,43094.87229,43124.25,448.5215442,813.45
1027.94,1916.486751,43153.90686,43197.17,450.6369397,813.59
985.4,1927.214908,43212.35727,43226.39,452.7516073,813.73
966.47,1932.945696,43270.24964,43216.68,454.8655473,813.87
958.48,1949.87912,43327.61016,43272.86,456.9787602,814.01
951.94,1946.315187,43384.46475,43319.33,459.0912464,814.15
946.31,1973.553904,43440.83906,43335.44,461.2030061,814.29
942.62,1985.995278,43496.75841,43382.86,463.3140399,814.43
941.34,2015.739314,43552.24759,43387.62,465.4243479,814.57
937.6,2038.38602,43607.33082,43419.94,467.5339307,814.71
935.43,2076.235401,43662.03152,43405.24,469.6427887,814.85
933.54,2104.087465,43716.37214,43407.25,471.750922,814.99
931.02,2148.042218,43770.37386,43440.69,473.8583313,815.13
930.37,2190.699665,43824.05633,43444.76,475.9650167,815.27
928.86,2244.859815,43877.43752,43464.64,478.0709788,815.41
929.15,2303.522673,43930.53353,43436.27,480.1762178,815.55
927.25,2371.988245,43983.35838,43500.1,482.2807341,815.69
926.07,2443.256538,44035.92363,43536.81,484.3845282,815.83
926.03,2496.627559,44088.23841,43596.09,486.4876004,815.97
925.74,2560.901313,44140.30938,43605.41,488.589951,816.11
925.97,2555.977807,44192.14071,43711.72,490.6915804,816.25
925.67,2533.857049,44243.73391,43820.43,492.792489,816.39
926.61,2482.539042,44295.08808,43858.14,494.8926772,816.53
925.61,2370.423796,44346.20022,44005.28,496.9921454,816.67
928.15,2254.511314,44397.06513,44072.85,499.0908938,816.81
927.87,2147.701605,44447.67591,44203.31,501.1889229,816.95
930.35,2054.694673,44498.02404,44290.49,503.2862331,817.09
928.41,1963.490527,44548.09977,44395.99,505.3828247,817.23
928.01,1898.38917,44597.89233,44467.71,507.4786981,817.37
929.79,1862.390611,44647.39018,44554.54,509.5738536,817.51
928.68,1831.494855,44696.58111,44647.96,511.6682917,817.65
929.37,1840.101909,44745.45248,44709.61,513.7620126,817.79
932,1852.311779,44793.99138,44822.19,515.8550168,817.93
932.71,1903.72447,44842.18475,44937.34,517.9473047,818.07
937.58,1964.73999,44890.01963,44963.18,520.0388765,818.21
946.06,2087.258344,44937.48357,45104.73,522.1297327,818.35
953.22,2216.079539,44984.56447,45107.06,524.2198737,818.49
964.05,2395.103581,45031.25107,45163.25,526.3092997,818.63
973.92,2664.230476,45077.53272,45142.06,528.3980112,818.77
987.3,3041.26023,45123.39944,45120.46,530.4860085,818.91
997.99,3598.292849,45168.84157,45201.69,532.5732921,819.05
1007.81,4421.72834,45213.84941,45220.51,534.6598622,819.19
1016.22,5542.166709,45258.41347,45290.46,536.7457192,819.33
1025.04,6928.507962,45302.52425,45396.95,538.8308635,819.47
1032.91,8251.652104,45346.17243,45398.33,540.9152955,819.61
1048.11,9250.899142,45389.34916,45495.65,542.9990155,819.75
1067.58,9587.049082,45432.04587,45529.03,545.0820239,819.89
1102.41,9306.301931,45474.25447,45542.77,547.164321,820.03
1163.7,8464.357692,45515.96742,45659.88,549.0972461,820.16
1266.57,7330.016374,45557.17747,45652.35,551.1781726,820.3
1437.26,6195.977981,45597.87811,45684.68,553.258389,820.44
1718.64,5236.742519,45638.06332,45803.31,555.3378955,820.58
2169.71,4440.809994,45677.72749,45819.99,557.4166925,820.72
2811.59,3774.980412,45716.86584,45847.37,559.4947805,820.86
3545.56,3216.353778,45755.47432,45993.17,561.5721597,821
4049.73,2795.930099,45793.54951,46146.38,563.6488306,821.14
4108.09,2466.009379,45831.08919,46038.28,565.7247934,821.28
3794.71,2243.591625,45868.09291,46211.73,567.8000486,821.42
3145.81,2076.976841,45904.56124,46226.92,569.8745966,821.56
2353.32,1962.565035,45940.49648,46245.97,571.9484376,821.7
1732.65,1880.55621,45975.90254,46238.82,574.0215721,821.84
1394.76,1813.450374,46010.78484,46193.87,576.0940004,821.98
1237.95,1771.347531,46045.15016,46256.14,578.017766,822.11
1158.92,1714.447688,46079.00614,46171.02,580.0888334,822.25
1122.27,1694.350849,46112.36151,46266.92,582.1591956,822.39
1104.68,1671.65702,46145.22545,46298.77,584.228853,822.53
1093.47,1636.566207,46177.60791,46250.73,586.2978061,822.67
1085.68,1634.578416,46209.51962,46259.25,588.366055,822.81
1079.41,1645.393652,46240.97166,46365.91,590.4336003,822.95
1064.36,1657.61192,46271.97537,46256.67,592.5004422,823.09
1053.66,1656.733226,46302.5427,46324.45,594.5665811,823.23
1039.59,1653.557576,46332.68555,46260.41,596.6320174,823.37
1036.26,1628.984975,46362.4159,46232.97,598.6967515,823.51
1048.14,1619.915428,46391.74538,46297,600.613376,823.64
1098.49,1593.348942,46420.68499,46243.62,602.6767567,823.78
1223.53,1599.085521,46449.24522,46278.47,604.7394362,823.92
1493.6,1581.525171,46477.43572,46371.94,606.8014148,824.06
2025.99,1573.567898,46505.26524,46404.12,608.8626929,824.2
3085.38,1577.213707,46532.74203,46379.77,610.9232709,824.34
4576.94,1598.162603,46559.87384,46454.56,612.9831491,824.48
5841.99,1594.414593,46586.66763,46442.98,615.0423278,824.62
6278.78,1632.86968,46613.12985,46530.01,617.1008075,824.76
5875.68,1655.927872,46639.26623,46494.2,619.0116272,824.89
4770.79,1681.189172,46665.08208,46587.31,621.0687597,825.03
3206.61,1741.753588,46690.582,46555.74,623.1251941,825.17
1875.25,1836.121123,46715.77017,46594.69,625.1809309,825.31
1242.74,1914.591784,46740.65013,46595.6,627.2359703,825.45
1091.63,2040.965576,46765.22479,46709.59,629.2903127,825.59
1106.4,2235.842504,46789.49635,46672.77,631.3439586,825.73
1246.56,2533.222574,46813.46672,46821.17,633.3969081,825.87
1417.8,2945.705791,46837.13723,46774.87,635.3025953,826
1495.27,3640.59216,46860.50927,46807.94,637.3542031,826.14
1483.17,4409.581687,46883.58387,46920.96,639.4051157,826.28
1398.88,5431.174377,46906.36185,46885.78,641.4553333,826.42
1225.65,6341.370235,46928.84418,46938.46,643.5048565,826.56
1042.36,6808.069267,46951.03174,46910.25,645.5536855,826.7
963.42,6697.271477,46972.92547,46999.8,647.6018207,826.84
945.08,6029.076872,46994.52609,46950.92,649.5030396,826.97
939.86,4971.985456,47015.83445,47010.34,651.5498377,827.11
941.6,3853.397234,47036.85121,46978.57,653.5959431,827.25
942.16,2948.112211,47057.57696,46986.23,655.641356,827.39
944.89,2388.730393,47078.01203,47021,657.6860768,827.53
942.8,2057.351785,47098.1564,47018.4,659.7301059,827.67
941.43,1839.276392,47118.00973,47130.16,661.6275138,827.8
939.82,1724.804218,47137.57132,47109.34,663.6702099,827.94
936.49,1618.135269,47156.84049,47158.21,665.7122152,828.08
936.12,1544.269549,47175.81646,47151.35,667.7535302,828.22
935.53,1508.607065,47194.49843,47158.38,669.7941552,828.36
940.09,1458.047821,47212.88549,47114.79,671.8340906,828.5
950.6,1414.591821,47230.97654,47141.24,673.727699,828.63
968.7,1396.839071,47248.77,47184.29,675.7663053,828.77
1005.5,1378.089577,47266.26383,47146.09,677.804223,828.91
1063.33,1360.643342,47283.45567,47151.86,679.8414524,829.05
1127.93,1347.700372,47300.34257,47223.9,681.8779939,829.19
1165.52,1336.160672,47316.92092,47218.74,683.9138477,829.33
1173.86,1328.424247,47333.18671,47242.24,685.8036681,829.46
1158.2,1316.291102,47349.13546,47252.36,687.8381969,829.6
1129.98,1326.061241,47364.76222,47248.57,689.8720392,829.74
1112.65,1322.834671,47380.06157,47334.62,691.9051952,829.88
1111.14,1318.411395,47395.02749,47305.54,693.9376654,830.02
1123.98,1299.091418,47409.65376,47326.5,695.8243453,830.15
1152.22,1301.574746,47423.93369,47291.76,697.8554937,830.29
1204.54,1294.661384,47437.86018,47323.1,699.8859573,830.43
1262.63,1292.351336,47451.42547,47336.7,701.9157363,830.57
1301.65,1288.444608,47464.62123,47368.87,703.9448312,830.71
1331.03,1273.741204,47477.43855,47323.92,705.8283784,830.84
1373.27,1278.441129,47489.86805,47456.34,707.8561549,830.98
1464.98,1270.544387,47501.89957,47477.73,709.8832481,831.12
1745.31,1257.050985,47513.5228,47489.22,711.9096586,831.26
2528.95,1257.760927,47524.72728,47538.39,713.9353866,831.4
4324.7,1266.574218,47535.50247,47646.75,715.815809,831.53
6867.79,1248.190862,47545.83785,47590.12,717.8402218,831.67
8399.15,1255.010864,47555.7235,47567.79,719.8639531,831.81
8716.67,1250.33423,47565.1497,47700.93,721.8870034,831.95
8066.77,1254.560964,47574.10679,47721.85,723.7649405,832.08
6186.81,1270.991071,47582.58579,47647.23,725.7866782,832.22
3664.83,1270.424556,47590.57846,47682.71,727.8077358,832.36
2101.8,1296.961423,47598.07689,47813.22,729.8281136,832.5
1487.06,1297.401678,47605.07362,47898.51,731.7035703,832.63
1242.02,1305.745326,47611.56227,47897.21,733.7226382,832.77
1139.56,1316.49237,47617.53793,47933.39,735.7410272,832.91
1092.85,1331.142817,47622.99712,47906.23,737.7587379,833.05
1066.71,1318.29667,47627.93792,47956.02,739.6317192,833.18
1059.08,1394.653935,47632.35986,47950.49,741.6481225,833.32
1042.91,1361.814616,47636.26408,47915.58,743.6638484,833.46
1040.23,1386.278718,47639.65332,47857.01,745.6788972,833.6
1042.79,1403.046246,47642.53173,47867.78,747.549408,833.73
1051.48,1458.017205,47644.90453,47931.96,749.563152,833.87
1070.02,1495.091599,47646.77807,47780.07,751.5762199,834.01
1115.07,1555.969433,47648.16014,47801.99,753.5886121,834.15
1211.46,1632.650713,47649.05918,47863.65,755.4566572,834.28
1424.2,1724.235442,47649.48444,47829.12,757.4677472,834.42
1904.94,1880.323625,47649.44619,47794.4,759.4781624,834.56
2683.76,2137.215268,47648.95564,47775.36,761.4879032,834.7
3250.29,2566.410374,47648.0247,47771.17,763.3534876,834.83
3378,3198.408949,47646.66593,47734.25,765.3619288,834.97
3220.22,4026.910997,47644.89248,47668.26,767.3696965,835.11
2720.39,5025.216522,47642.71797,47703.66,769.3767913,835.25
1911.66,5339.425531,47640.15611,47676.09,771.2399197,835.38
1331.1,5269.338026,47637.22093,47622.41,773.2457173,835.52
1102.05,4772.354014,47633.92664,47583.46,775.2508429,835.66
1019.93,3940.873498,47630.28737,47651.81,777.1121437,835.79
984.74,2988.396482,47626.317,47631.41,779.115974,835.93
968.12,2286.922972,47622.02951,47537.42,781.1191333,836.07
961.89,1886.952972,47617.43891,47616.23,782.9786092,836.2
957.74,1670.786486,47612.55881,47533.72,784.9804752,836.34
956.06,1537.22352,47607.40277,47525.91,786.9816711,836.48
954.63,1481.164076,47601.98398,47466.13,788.9821973,836.62
954.09,1444.508161,47596.31524,47401.22,790.8392293,836.75
955.11,1424.455778,47590.40863,47386.97,792.8384647,836.89
954.64,1404.706932,47584.2753,47371.51,794.8370313,837.03
957.54,1377.561627,47577.92534,47344.39,796.6922447,837.16
968.15,1362.519868,47571.3678,47368.55,798.6895225,837.3
987.04,1336.281659,47564.61057,47288.06,800.6861325,837.44
1022.32,1318.247004,47557.66049,47338.45,802.5395298,837.57
1087.34,1315.815909,47550.52307,47307.31,804.5348529,837.71
1194.43,1325.588377,47543.20268,47236.37,806.5295091,837.85
1294.67,1327.064413,47535.70248,47263.16,808.3810931,837.98
1338.15,1346.944022,47528.02412,47244.5,810.3744643,838.12
1329.09,1369.927207,47520.16787,47199.88,812.3671697,838.26
1269.32,1378.013973,47512.13258,47209.2,814.2169431,838.39
1161.71,1396.904324,47503.9155,47204.51,816.2083652,838.53
1058.66,1426.398266,47495.51238,47168.44,818.1991226,838.67
1003.36,1478.995801,47486.91745,47223.24,820.0470879,838.8
978.22,1507.196936,47478.12333,47219.52,822.0365639,838.94
970.97,1576.101673,47469.12129,47253.83,824.0253761,839.08
970.92,1640.410018,47459.90133,47338.93,825.8715361,839.21
977.9,1727.521974,47450.45238,47335.42,827.8590688,839.35
987.52,1837.437546,47440.76274,47379.36,829.8459386,839.49
1006.44,2019.856739,47430.82015,47477.3,831.6902959,839.62
1031.73,2266.079556,47420.61205,47432.96,833.6758882,839.76
1064.25,2590.806003,47410.12609,47508.59,835.6608185,839.9
1108.76,3111.636082,47399.35001,47605.73,837.5033757,840.03
1166.8,3911.669799,47388.27201,47522.88,839.4870304,840.17
1261.15,5205.107158,47376.88136,47652.76,841.3284036,840.3
1438.02,7402.048163,47365.16797,47624.84,843.3107838,840.44
1700.03,11314.09282,47353.12315,47637.04,845.2925037,840.58
1909.07,17313.14113,47340.73949,47754.56,847.1320812,840.71
2008.62,24582.6931,47328.01101,47662.29,849.1125285,840.85
2084.94,30667.14873,47314.93381,47715.47,850.9509249,840.98
2147.35,33326.20802,47301.50564,47738.01,852.9301009,841.12
2165.94,31893.77099,47287.72627,47636.21,854.9086181,841.26
2151.85,26883.53763,47273.59764,47630.41,856.7452231,841.39
2108.41,19683.40795,47259.12344,47576.13,858.7224708,841.53
2007.24,12882.88195,47244.30915,47476.37,860.6990608,841.67
1801.04,8248.159638,47229.16181,47470.47,862.5338771,841.8
1538.09,5707.141009,47213.68965,47435.8,864.5091994,841.94
1348.85,4339.82607,47197.9021,47389.92,866.3428391,842.07
1245.68,3525.714824,47181.80968,47332.81,868.316895,842.21
1176.39,2984.307274,47165.42389,47336.32,870.2902948,842.35
1119.24,2610.003424,47148.75698,47304.76,872.1221501,842.48
1078.41,2323.503276,47131.82206,47254.07,874.0942852,842.62
1054.62,2101.506834,47114.633,47187.09,875.9249669,842.75
1036.61,1952.7141,47097.20431,47148.98,877.8958387,842.89
1020.63,1824.525077,47079.55083,47072.7,879.7253478,843.02
1009.55,1722.039768,47061.6877,47027.72,881.6949574,843.16
993.17,1634.058177,47043.62999,46859.07,883.6639131,843.3
981.07,1561.680306,47025.3926,46915.55,885.4916438,843.43
973.08,1528.406158,47006.98954,46900.11,887.4593392,843.57
967.64,1490.635736,46988.43425,46871.16,889.2859001,843.7
967.33,1469.669044,46969.73962,46802.67,891.2523364,843.84
970.22,1449.306083,46950.91798,46894.01,893.0777288,843.97
976.21,1457.846857,46931.98081,46786.79,895.0429072,844.11
982.31,1464.691369,46912.93931,46766.86,896.8671321,844.24
989.66,1485.839622,46893.80396,46764.92,898.8310538,844.38
995.07,1516.791618,46874.5845,46661.31,900.7943244,844.52
996.01,1553.84736,46855.29003,46649.81,902.6167786,844.65
997.9,1637.306853,46835.92858,46598.87,904.5787944,844.79
1004.58,1778.870097,46816.50715,46558.09,906.4000839,844.92
1011.21,2013.837096,46797.03158,46577.54,908.360846,845.06
1030.92,2428.207854,46777.50637,46561.26,910.180972,845.19
1064.07,3159.282372,46757.93497,46554.15,912.1404817,845.33
1125.7,4369.860654,46738.31972,46623.74,913.9594452,845.46
1191.55,5946.442702,46718.66195,46589.24,915.9177036,845.6
1235.09,7462.82852,46698.96243,46592.4,917.7355059,845.73
1246.51,8559.51811,46679.22126,46633.18,919.6925142,845.87
1229.13,8783.411474,46659.43801,46604.12,921.5091563,846
1174.51,8043.508616,46639.61204,46648.1,923.4649158,846.14
1120.67,6658.109538,46619.74242,46657.24,925.2803988,846.27
1101.38,5080.614243,46599.82826,46631.91,927.2349106,846.41
1133.76,3661.322733,46579.86885,46580.45,929.0492356,846.54
1228.12,2727.435011,46559.86367,46655.76,931.002501,846.68
1352.96,2192.551079,46539.81217,46680.19,932.8156691,846.81
1440.97,1892.87094,46519.7143,46561.8,934.7676892,846.95
1509.34,1712.694596,46499.5707,46693,936.5797015,847.08
1590.19,1589.822051,46479.38223,46699.33,938.5304776,847.22
1661.49,1527.553305,46459.15071,46687.55,940.3413352,847.35
1685.56,1465.888363,46438.87907,46640.56,942.2908684,847.49
1713.89,1426.027225,46418.57136,46647.46,944.1005725,847.62
1681.85,1405.869896,46398.23267,46551.08,946.0488639,847.76
1565.45,1376.316377,46377.8692,46448.88,947.8574156,847.89
1394.85,1351.66667,46357.48795,46351.78,949.8044665,848.03
1246.67,1330.320778,46337.09624,46331.58,951.6118668,848.16
1135.62,1314.078704,46316.70139,46306.06,953.5576783,848.3
1086.52,1299.34045,46296.31067,46311.39,955.3639284,848.43
1082.18,1300.006018,46275.93131,46091.54,957.3085018,848.57
1093.12,1294.875411,46255.57062,46219.57,959.1136027,848.7
1101.8,1303.148631,46235.23498,46122.51,961.0569391,848.84
1110.31,1295.025681,46214.93058,46106.6,962.8608919,848.97
1123.35,1302.306563,46194.66307,46100,964.8029926,849.11
1145.22,1307.791279,46174.43754,46054.89,966.6057984,849.24
1180.46,1306.079832,46154.25861,46038.58,968.4080524,849.37
1214.41,1321.872224,46134.13031,46009.72,970.3483244,849.51
1249.93,1299.368457,46114.05608,45936.33,972.1494331,849.64
1311.87,1303.768535,46094.03874,45919.99,974.0884722,849.78
1422.49,1312.372458,46074.08024,45841.19,975.8884366,849.91
1717.64,1320.48023,46054.18163,45874.73,977.826244,850.05
2385.62,1331.691854,46034.34282,45809.33,979.6250652,850.18
3345.38,1351.00733,46014.56281,45834.88,981.4233364,850.31
4147.35,1359.826662,45994.83949,45872.27,983.3593213,850.45
4743.78,1382.449851,45975.16982,45830.23,985.1564509,850.58
5376.14,1379.376901,45955.55017,45811.87,987.091207,850.72
6430.7,1401.607814,45935.9762,45871.92,988.8871962,850.85
9005.97,1425.142591,45916.44282,45840.21,990.8207247,850.99
14819.36,1453.181235,45896.94463,45836.16,992.6155744,851.12
21247.28,1471.923749,45877.47586,45805.26,994.409876,851.25
26555.13,1523.970134,45858.03043,45814.49,996.3415879,851.39
30781.35,1597.920394,45838.6019,45786.37,998.1347517,851.52
31553.03,1716.974529,45819.1836,45793.13,1000.065239,851.66
27388.27,1900.332543,45799.76861,45774.9,1001.857266,851.79
21502.91,2189.794438,45780.34989,45819.24,1003.648746,851.92
15782.47,2685.960215,45760.92025,45870.24,1005.577421,852.06
10059.6,3533.029878,45741.47271,45837.05,1007.367766,852.19
5892.69,4979.603428,45722.00085,45841.89,1009.295219,852.33
3588.39,6880.980868,45702.4987,45807.45,1011.08443,852.46
2489.47,8514.3622,45682.9609,45769.83,1012.873096,852.59
2071.23,9346.547425,45663.38262,45703.98,1014.798741,852.73
2049.06,9473.236547,45643.75947,45753.89,1016.586274,852.86
2323.33,8972.329566,45624.08725,45598.99,1018.373262,852.99
3127.97,8439.726486,45604.36231,45675.83,1020.297102,853.13
5184.54,8777.127307,45584.58088,45586.51,1022.082959,853.26
8617.33,9964.032033,45564.73955,45508.54,1023.868272,853.39
11310.97,11150.44066,45544.83492,45579.39,1025.790309,853.53
12434.55,11686.9532,45524.8633,45531.27,1027.574493,853.66
12200.09,11078.76965,45504.82119,45522.15,1029.495314,853.8
10364.08,9344.390011,45484.70509,45529.75,1031.27837,853.93
6944.78,7051.914283,45464.51162,45486.69,1033.060883,854.06
4035.53,5021.442469,45444.23762,45399.35,1034.979905,854.2
2485.02,3555.974571,45423.88002,45418.57,1036.761292,854.33
1804.27,2702.410591,45403.43554,45285.73,1038.542136,854.46
1513.95,2211.750529,45382.90087,45252.92,1040.459363,854.6
1367.14,1924.794389,45362.27213,45236.62,1042.239082,854.73
1284.69,1754.44217,45341.54475,45179.85,1044.01826,854.86
1238.77,1672.793874,45320.71358,45213.59,1045.933693,855
1202.85,1549.049504,45299.77262,45258.5,1047.711747,855.13
1188.68,1498.00906,45278.71536,45210.29,1049.489262,855.26
1176.61,1432.372544,45257.53507,45186.3,1051.266235,855.39
1175.73,1395.639957,45236.22468,45142.34,1053.179295,855.53
1173.62,1350.511301,45214.77678,45077.32,1054.955148,855.66
1176.62,1325.386577,45193.18347,45072.25,1056.730461,855.79
1182.5,1305.765787,45171.43616,45029.26,1058.641733,855.93
1182.92,1281.948932,45149.52568,44995.43,1060.415926,856.06
1184.37,1288.536013,45127.44213,44902.12,1062.189581,856.19
1179.52,1268.127033,45105.17484,44975.9,1064.099068,856.33
1184.94,1260.821992,45082.71203,44883.42,1065.871604,856.46
1204.55,1260.020892,45060.04124,44922.42,1067.643602,856.59
1247.57,1249.223733,45037.14905,44926.73,1069.415063,856.72
1297.09,1248.630519,45014.02134,44986.14,1071.322188,856.86
1332.37,1247.341249,44990.64342,44949.67,1073.092532,856.99
1338.42,1235.655926,44967.00049,44985.64,1074.86234,857.12
1311.74,1243.87455,44943.07751,45070.13,1076.767685,857.26
1255.19,1281.397124,44918.85958,45050.17,1078.536378,857.39
1188.73,1256.323648,44894.33239,44961.01,1080.304535,857.52
1135.38,1253.054123,44869.4823,44972.24,1082.072155,857.65
1105.64,1267.988552,44844.29603,44929.82,1083.975147,857.79
1096.36,1263.226936,44818.76078,44904.66,1085.741655,857.92
1099.67,1303.269275,44792.86418,44923.42,1087.507627,858.05
1103.15,1314.215571,44766.59432,44846.67,1089.273065,858.18
1103.72,1330.665826,44739.93991,44808.1,1091.173707,858.32
1103.57,1364.220041,44712.89008,44876.5,1092.938035,858.45
1096.45,1410.078217,44685.43428,44815.11,1094.701827,858.58
1089.57,1473.240355,44657.5628,44841.7,1096.465086,858.71
1081.14,1569.606457,44629.26658,44747.74,1098.227811,858.84
1079.7,1697.176523,44600.53745,44788.65,1100.125534,858.98
1081.11,1869.450557,44571.36787,44789.58,1101.887151,859.11
1082.64,2123.128557,44541.75121,44713.14,1103.648235,859.24
1092.65,2607.210527,44511.68195,44640.3,1105.408786,859.37
1094.06,3375.096466,44481.15543,44691.93,1107.304169,859.51
1105.34,4765.786377,44450.16761,44706.73,1109.063614,859.64
1120.5,6652.980261,44418.71553,44646.94,1110.822528,859.77
1145.85,8588.778118,44386.7975,44663.61,1112.580909,859.9
1181.1,9859.37995,44354.41296,44658.61,1114.338759,860.03
1230.96,10060.18576,44321.56276,44623.7,1116.231234,860.17
1301.37,9249.795543,44288.24926,44631.17,1117.987981,860.3
1384.17,7547.909306,44254.47631,44645.63,1119.744197,860.43
1484.12,5546.927049,44220.24951,44582.42,1121.499882,860.56
1588.31,3968.948771,44185.57639,44489.21,1123.255037,860.69
1710.07,3000.374475,44150.46631,44354.31,1125.144611,860.83
1884.53,2595.80416,44114.93012,44374.93,1126.898665,860.96
2127.76,2447.137828,44078.97972,44386.05,1128.652189,861.09
2466.05,2508.575479,44042.62829,44302.71,1130.405184,861.22
2877.4,2704.817115,44005.89055,44212.49,1132.15765,861.35
3356.65,3102.362736,43968.78253,44192.01,1133.909587,861.48
3944.36,3724.312344,43931.32129,44139.86,1135.795698,861.62
4737.77,4500.965938,43893.52499,44019.29,1137.546537,861.75
5881.16,5221.32352,43855.41284,44032.92,1139.296848,861.88
7338.99,5652.98509,43817.0047,44009.54,1141.046631,862.01
9046.16,5628.85065,43778.32129,43840.63,1142.795887,862.14
11116.27,5325.620199,43739.38431,43812.91,1144.544615,862.27
13382.24,4688.893739,43700.21575,43687.75,1146.292816,862.4
14968.96,4133.471271,43660.838,43657.65,1148.174904,862.54
15107.38,3848.452794,43621.27337,43585.85,1149.922011,862.67
14090.25,3955.63831,43581.54414,43501.5,1151.668591,862.8
12311.24,4356.427819,43541.67243,43442.68,1153.414645,862.93
10209.05,4703.521322,43501.67997,43399.51,1155.160173,863.06
8656.01,4925.418818,43461.58796,43365.86,1156.905175,863.19
7742.12,4955.32031,43421.41714,43324.32,1158.649652,863.32
7355.06,4776.825797,43381.18772,43269.44,1160.393603,863.45
7357.35,4429.43528,43340.91945,43215.55,1162.271117,863.59
6872.85,4026.048759,43300.63153,43142.64,1164.013978,863.72
5602.26,3567.366234,43260.34251,43073.07,1165.756315,863.85
4439.65,3174.287707,43220.07016,43008.38,1167.498127,863.98
3627.59,2694.313177,43179.83132,42812.89,1169.239415,864.11
2917.53,2216.142645,43139.64177,42896.5,1170.980179,864.24
2571.37,1832.976112,43099.51545,42809.57,1172.72042,864.37
2550.25,1582.413577,43059.46509,42755.22,1174.460137,864.5
2607.1,1435.45504,43019.50195,42758.13,1176.199331,864.63
2692.07,1343.600504,42979.6358,42744.86,1177.938002,864.76
2801.96,1272.349966,42939.87509,42694.74,1179.676151,864.89
2957.35,1235.403429,42900.22708,42704.44,1181.547419,865.03
3102.02,1207.760892,42860.69783,42666.46,1183.284483,865.16
3121.17,1185.122355,42821.29241,42590.87,1185.021024,865.29
2989.28,1170.78782,42782.01492,42550.53,1186.757045,865.42
2671.98,1158.557285,42742.8683,42510.3,1188.492543,865.55
2183.6,1135.030752,42703.85434,42527.14,1190.22752,865.68
1693.59,1127.908221,42664.97367,42457.5,1191.961977,865.81
1387.31,1101.389692,42626.22603,42431.83,1193.695912,865.94
1247.12,1107.875165,42587.61013,42446.84,1195.429327,866.07
1189.59,1094.064641,42549.1237,42321.86,1197.162222,866.2
1167.34,1086.15812,42510.76377,42411.28,1198.894597,866.33
1157.01,1090.255601,42472.52623,42385.1,1200.626452,866.46
1154.06,1111.757087,42434.40648,42355.61,1202.357787,866.59
1143.41,1114.262575,42396.39948,42316.16,1204.088603,866.72
1133.31,1128.572068,42358.49979,42299.94,1205.818899,866.85
1119.64,1140.285565,42320.70157,42251.33,1207.548677,866.98
1103.61,1131.503066,42282.9987,42212.43,1209.277936,867.11
1085.54,1144.224572,42245.3847,42101,1211.006677,867.24
1067.85,1147.750083,42207.85275,42144.61,1212.734899,867.37
1057.73,1163.679599,42170.39528,42120.54,1214.462604,867.5
1046.4,1182.81312,42133.00444,42014.81,1216.189791,867.63
1040.77,1186.150646,42095.6721,42067.74,1217.91646,867.76
1039.93,1224.792178,42058.38956,42053.92,1219.642612,867.89
1038.26,1233.137716,42021.14797,41924.24,1221.368247,868.02
1038.66,1272.18726,41983.93847,41937.63,1223.093365,868.15
1038.1,1315.84081,41946.7517,41895.5,1224.817967,868.28
1041.88,1364.798367,41909.57807,41819.34,1226.542052,868.41
1044.57,1446.05993,41872.40774,41761.5,1228.265621,868.54
1048.6,1577.2255,41835.23042,41745.72,1229.988675,868.67
1052.34,1735.895077,41798.03526,41723.43,1231.711212,868.8
1055.01,1955.968661,41760.81097,41711.72,1233.433234,868.93
1054.56,2192.746252,41723.54587,41682.1,1235.154741,869.06
1055.57,2437.02785,41686.22806,41583.77,1236.875733,869.19
1058.07,2694.213456,41648.84542,41598.56,1238.596211,869.32
1067.36,2891.903069,41611.3853,41604.01,1240.316174,869.45
1082.58,3044.09669,41573.83483,41520.69,1242.035622,869.58
1105.85,3103.694318,41536.18109,41618.96,1243.754557,869.71
1132.46,3023.995955,41498.41089,41481.42,1245.472978,869.84
1161.33,2843.801599,41460.51145,41452.53,1247.190885,869.97
1185.95,2565.011251,41422.46992,41511.25,1248.908279,870.1
1203.23,2214.824911,41384.27339,41393.81,1250.625159,870.23
1213.19,1890.042578,41345.90942,41356.05,1252.209517,870.35
1218.96,1652.864254,41307.3656,41403.63,1253.925412,870.48
1234.57,1501.489937,41268.62958,41369.09,1255.640794,870.61
1259.8,1368.819629,41229.68947,41317.9,1257.355664,870.74
1313.63,1314.453328,41190.5339,41344.87,1259.070022,870.87
1386.11,1261.391034,41151.15196,41326.17,1260.783868,871
1473.78,1232.432749,41111.53346,41285.85,1262.497203,871.13
1582.36,1200.678471,41071.66914,41318.47,1264.210027,871.26
1719.27,1172.628201,41031.55058,41244,1265.922339,871.39
1926.18,1156.681938,40991.1706,41210.84,1267.634141,871.52
2236.56,1163.639682,40950.52308,41204.46,1269.213812,871.64
2665.25,1152.901434,40909.60301,41137.21,1270.924632,871.77
3210.55,1151.167194,40868.40663,41094.47,1272.634942,871.9
3786.38,1157.13696,40826.93135,41008.72,1274.344741,872.03
4249.78,1181.310734,40785.17566,41024.96,1276.054031,872.16
4460.79,1193.188515,40743.13902,40955.53,1277.762812,872.29
4371.82,1208.870303,40700.82203,40925.51,1279.471083,872.42
4049.07,1249.856097,40658.22641,40890.43,1281.178845,872.55
3549.36,1287.845898,40615.35494,40789.51,1282.75479,872.67
3017.99,1316.739706,40572.21162,40747.02,1284.461574,872.8
2574.16,1376.43752,40528.80128,40666.29,1286.167849,872.93
2244.24,1463.139341,40485.12965,40593.76,1287.873617,873.06
1997.34,1574.845167,40441.20313,40595.12,1289.578877,873.19
1790.13,1727.555,40397.02867,40453.47,1291.283629,873.32
1601.05,1951.968839,40352.61399,40445.02,1292.987873,873.45
1435.87,2258.886683,40307.96709,40361.41,1294.560572,873.57
1303.9,2742.208533,40263.09643,40269.08,1296.263841,873.7
1224.43,3479.934388,40218.01075,40250.74,1297.966603,873.83
1192.73,4561.464248,40172.71881,40251.22,1299.668859,873.96
1197.08,5982.498113,40127.22953,40164.33,1301.370609,874.09
1228.99,7695.135983,40081.55222,40165.04,1302.941005,874.21
1271.45,9393.877857,40035.6964,40055.82,1304.641782,874.34
1325.56,10631.82374,39989.67197,39931.17,1306.342052,874.47
1417.1,11117.57362,39943.48896,39873.14,1308.041818,874.6
1553.45,10779.0275,39897.1571,39805.45,1309.741078,874.73
1716.57,9635.585392,39850.68576,39705.13,1311.309177,874.85
1828.01,7986.647282,39804.08386,39642.15,1313.007467,874.98
1868.3,6228.013175,39757.3596,39612.82,1314.705251,875.11
1847.46,4778.483068,39710.52034,39533.46,1316.402531,875.24
1796.61,3700.656962,39663.57275,39573.53,1318.099307,875.37
1712.69,2973.034856,39616.5226,39524.02,1319.665115,875.49
1621.84,2486.91675,39569.37521,39496.07,1321.360922,875.62
1555.91,2212.402641,39522.13544,39399.91,1323.056226,875.75
1504.53,2073.292531,39474.80779,39394.81,1324.751027,875.88
1413.81,1936.686417,39427.39613,39331.95,1326.315011,876
1287.62,1896.9843,39379.90395,39229.98,1328.008845,876.13
1174.07,1886.386179,39332.33425,39203.73,1329.702176,876.26
1093.81,1904.792052,39284.68929,39133.62,1331.395004,876.39
1040.27,1948.701919,39236.97068,39154.5,1332.957169,876.51
1006.93,2042.61578,39189.17927,39050.16,1334.649032,876.64
994.82,2164.933633,39141.31551,39010.11,1336.340394,876.77
991.05,2319.355479,39093.37914,39052.39,1338.031253,876.9
987.85,2530.381315,39045.36927,38966.78,1339.591602,877.02
989.33,2819.711141,38997.28478,38985.15,1341.281498,877.15
988.12,3149.444956,38949.12416,38922.74,1342.970893,877.28
987.09,3680.98276,38900.88585,38927.18,1344.659788,877.41
987.18,4450.724552,38852.56815,38844.96,1346.218323,877.53
986.75,5583.67033,38804.16949,38752.48,1347.906256,877.66
993.41,7342.020095,38755.68828,38778.53,1349.593689,877.79
992.04,9650.973844,38707.12264,38630.37,1351.150875,877.91
995.93,12476.83158,38658.47083,38597.52,1352.837347,878.04
996.14,15527.09329,38609.73073,38573.22,1354.523319,878.17
1001.21,18531.95899,38560.89988,38544.29,1356.079158,878.29
1000.3,20579.62867,38511.97567,38488.23,1357.764171,878.42
1003.91,21026.40233,38462.95541,38467.1,1359.448685,878.55
1009.95,19890.97997,38413.83626,38475.14,1361.003179,878.67
1013.31,17360.76158,38364.61543,38431.22,1362.686735,878.8
1019.12,13967.94717,38315.29042,38375.17,1364.369792,878.93
1026.92,10354.33673,38265.85908,38347.13,1365.922942,879.05
1035.6,7425.930265,38216.31954,38322.95,1367.605043,879.18
1041.29,5442.127769,38166.67034,38244.49,1369.286646,879.31
1045.3,4370.429241,38116.91057,38168.85,1370.838454,879.43
1044.52,3996.434681,38067.03969,38161.59,1372.519101,879.56
1038.26,4107.244084,38017.05743,38106.58,1374.199252,879.69
1030.49,4771.857451,37966.96399,38097.41,1375.74972,879.81
1023.17,5640.874778,37916.76001,38059.19,1377.428916,879.94
1015.39,6144.296065,37866.4468,37909.07,1379.107616,880.07
1010.86,6154.121309,37816.02636,37941.15,1380.656745,880.19
1014.25,5811.450507,37765.50092,37880.15,1382.334491,880.32
1020.96,5077.983659,37714.87333,37830.58,1383.882741,880.44
1036.53,4015.420762,37664.14702,37767.6,1385.559535,880.57
1052.85,3080.961814,37613.32599,37698.84,1387.235834,880.7
1069.16,2595.406813,37562.41475,37601.44,1388.782747,880.82
1078.66,2422.055757,37511.41825,37525.43,1390.458095,880.95
1086.14,2426.408644,37460.34164,37446.44,1392.132948,881.08
1086.34,2541.665471,37409.19012,37413.27,1393.678528,881.2
1079.01,2718.526237,37357.96885,37341.5,1395.352431,881.33
1065.7,3013.39094,37306.68298,37326.44,1396.897134,881.45
1049.46,3457.359577,37255.33759,37284.3,1398.570088,881.58
1027.08,4061.932145,37203.93786,37172.1,1400.113915,881.7
1008.68,4971.708644,37152.48912,37138.14,1401.78592,881.83
990.87,6225.489071,37100.99653,37051.38,1403.457432,881.96
978.41,7814.673423,37049.46519,36933.38,1404.99993,882.08
970.06,9679.661698,36997.89993,36868.55,1406.670495,882.21
965.13,11458.95389,36946.30503,36807.68,1408.212118,882.33
965.31,12896.15001,36894.68411,36762.92,1409.881737,882.46
963.69,13577.95004,36843.04008,36686.1,1411.422486,882.58
963.9,13329.15399,36791.37522,36645.99,1413.091159,882.71
960.55,12296.86184,36739.691,36552.04,1414.631037,882.83
958.27,10744.97361,36687.98819,36516.89,1416.298765,882.96
952.4,8986.489277,36636.26659,36489.09,1417.966002,883.09
945.34,7323.008851,36584.52516,36382.1,1419.504554,883.21
939.88,6013.132326,36532.76214,36360.11,1421.170848,883.34
933.86,5042.859698,36480.97473,36319.46,1422.708529,883.46
931.72,4316.890965,36429.15929,36269.43,1424.37388,883.59
929.81,3770.426124,36377.31135,36122.31,1425.910692,883.71
933.24,3377.265172,36325.42566,36136.04,1427.5751,883.84
937.23,3067.308107,36273.49569,36040.65,1429.111043,883.96
943.04,2854.754924,36221.51396,36071.91,1430.77451,884.09
951.86,2666.705623,36169.47182,36006.39,1432.309584,884.21
967.36,2555.860198,36117.35989,36013.82,1433.972111,884.34
990.56,2487.918648,36065.16796,35990.13,1435.506317,884.46
1025.13,2423.98097,36012.8853,35911.71,1437.167905,884.59
1079.11,2439.34716,35960.50082,35945.15,1438.701244,884.71
1167.36,2502.117216,35908.0029,35908.18,1440.361892,884.84
1308.55,2615.891135,35855.37988,35872.5,1441.894365,884.96
1511.54,2801.168913,35802.62006,35843.43,1443.426423,885.08
1760.78,3077.450547,35749.71185,35825.54,1445.085683,885.21
1978.95,3431.236035,35696.64386,35793.69,1446.616875,885.33
2089.22,3906.225374,35643.40508,35730.75,1448.275199,885.46
2082.4,4592.718559,35589.98499,35768.5,1449.805527,885.58
1956.63,5603.615589,35536.37348,35714.14,1451.462914,885.71
1734.64,7182.116461,35482.56137,35714.25,1452.992378,885.83
1476.41,9796.12117,35428.54034,35713.8,1454.64883,885.96
1266.97,13569.92971,35374.30324,35644.79,1456.177431,886.08
1131.28,17363.74209,35319.84436,35634.95,1457.705619,886.2
1049.73,19595.65829,35265.15931,35630.26,1459.360688,886.33
1001.44,20003.97832,35210.24531,35528.43,1460.888013,886.45
981,18780.10217,35155.10138,35510.06,1462.542149,886.58
970.47,15716.32984,35099.72814,35331.02,1464.068613,886.7
966.71,11666.36132,35044.12798,35307.52,1465.721817,886.83
966.97,8306.196616,34988.30447,35233.57,1467.24742,886.95
969.93,6243.535715,34932.26246,35162.33,1468.772611,887.07
974.24,5152.978617,34876.00805,35107.43,1470.424436,887.2
978.04,4648.025318,34819.54849,35057.51,1471.948767,887.32
981.65,4656.975814,34762.89218,34934.31,1473.472687,887.44
990.06,5277.730101,34706.04871,34885.27,1475.123134,887.57
1008.96,6735.188175,34649.02853,34790.59,1476.646195,887.69
1039.97,8757.450032,34591.84299,34755.13,1478.295713,887.82
1088.71,10211.11567,34534.50414,34633.93,1479.817917,887.94
1175.33,10681.28508,34477.02484,34504.46,1481.339709,888.06
1334.15,10316.55826,34419.41847,34494.37,1482.987853,888.19
1583.67,9039.235209,34361.69853,34356.25,1484.508789,888.31
1797.1,6935.71592,34303.87889,34274.45,1486.029313,888.43
1931.92,4816.30039,34245.97342,34195.47,1487.676085,888.56
2005.73,3467.388613,34187.9958,34172.41,1489.195754,888.68
1965.98,2746.880586,34129.95951,34056.71,1490.715013,888.8
1785.01,2399.776304,34071.8779,33912.74,1492.360414,888.93
1559.97,2198.275763,34013.76398,33932.88,1493.878819,889.05
1389.04,2088.378959,33955.62998,33876.65,1495.396813,889.17
1254.65,2051.385886,33897.48769,33758.49,1497.040845,889.3
1157.66,2033.496542,33839.34852,33640.87,1498.557987,889.42
1107.69,2037.410921,33781.22321,33639.85,1500.074719,889.54
1079.56,2072.629019,33723.12146,33492.61,1501.717383,889.67
1058.57,2145.750831,33665.0523,33421.44,1503.233263,889.79
1047.17,2206.476354,33607.0236,33360.93,1504.748734,889.91
1049.33,2346.505582,33549.04199,33353.5,1506.263797,890.03
1059.8,2524.338512,33491.11291,33266.02,1507.904653,890.16
1073.83,2772.575138,33433.24078,33233.28,1509.418865,890.28
1089.35,3074.315457,33375.42893,33190.6,1510.932668,890.4
1105.25,3418.059464,33317.67966,33156.32,1512.572162,890.53
1115.41,3805.107153,33259.99437,33078.55,1514.085115,890.65
1122.24,4198.258522,33202.37364,33050.32,1515.597661,890.77
1121.96,4436.313565,33144.81715,33009.29,1517.1098,890.89
1119.5,4538.472278,33087.32381,32938.22,1518.74749,891.02
1116.29,4473.234655,33029.89186,32852.47,1520.25878,891.14
1113.07,4211.400694,32972.51879,32809.78,1521.769664,891.26
1112.8,3841.270388,32915.20121,32760.14,1523.28014,891.38
1108.35,3444.343733,32857.9349,32751.41,1524.916031,891.51
1111.63,3070.320725,32800.7149,32707.67,1526.42566,891.63
1115.11,2792.501359,32743.53567,32706.5,1527.934883,891.75
1121.5,2601.48563,32686.39124,32633.07,1529.4437,891.87
1131.65,2484.873533,32629.27545,32599.79,1530.952111,891.99
1142,2459.065064,32572.18185,32616.4,1532.585765,892.12
1149.74,2418.560219,32515.10388,32469.69,1534.093331,892.24
1163.92,2447.458991,32458.03516,32459.76,1535.600491,892.36
1177.81,2444.561377,32400.96911,32371.73,1537.107246,892.48
1192.04,2434.067372,32343.89916,32341.63,1538.613596,892.6
1212.08,2430.47697,32286.81858,32290.28,1540.245018,892.73
1231.93,2397.290168,32229.72063,32216.85,1541.750525,892.85
1257.24,2351.70696,32172.5986,32170.25,1543.255627,892.97
1287.4,2293.027342,32115.4457,32166.89,1544.760324,893.09
1322.97,2213.651308,32058.25515,32076.41,1546.264617,893.21
1364.56,2152.078854,32001.0204,32065.94,1547.893812,893.34
1413.2,2064.609975,31943.735,31984.37,1549.397263,893.46
1470.05,1985.444666,31886.39284,31938.97,1550.90031,893.58
1538.55,1921.582922,31828.98799,31945.1,1552.402954,893.7
1614.78,1862.824738,31771.51481,31868.43,1553.905195,893.82
1694.94,1769.27011,31713.96821,31765.27,1555.407032,893.94
1780.38,1728.719033,31656.34361,31785.28,1556.908466,894.06
1845.08,1681.371501,31598.63667,31709.42,1558.534564,894.19
1896.82,1625.027509,31540.8437,31609.1,1560.035159,894.31
1943.83,1582.887053,31482.96157,31536.52,1561.53535,894.43
1997.04,1576.350129,31424.98748,31533.37,1563.03514,894.55
2078.27,1547.716729,31366.91891,31463.75,1564.534527,894.67
2229.32,1541.786851,31308.75386,31367.46,1566.033512,894.79
2460.96,1546.560489,31250.49086,31349.12,1567.532095,894.91
2822.77,1556.737637,31192.12867,31289.71,1569.030276,895.03
3347.89,1556.518292,31133.6666,31193.81,1570.652852,895.16
4068.8,1570.302447,31075.10441,31176.82,1572.150196,895.28
4789.87,1582.090099,31016.44219,31109.12,1573.647139,895.4
5360.58,1609.281241,30957.68051,31047.39,1575.143681,895.52
5697.83,1675.375869,30898.82042,30926.98,1576.639822,895.64
5850.74,1724.873979,30839.86342,30883.06,1578.135562,895.76
5864.99,1832.875564,30780.81114,30848.86,1579.630901,895.88
5786.9,1928.78062,30721.66544,30728.71,1581.12584,896
5905.82,2100.289141,30662.42851,30746.13,1582.620378,896.12
6402.52,2320.201124,30603.10257,30694.54,1584.114516,896.24
7513.19,2582.516562,30543.69028,30588.03,1585.608254,896.36
9552.39,2937.93545,30484.19473,30533.63,1587.101593,896.48
12865.63,3316.957785,30424.61925,30488.08,1588.594531,896.6
17489.1,3705.483559,30364.96742,30461.69,1590.08707,896.72
22376.27,3979.112769,30305.24313,30295.09,1591.579209,896.84
26589.55,4156.245409,30245.45074,30259.75,1593.07095,896.96
29755.4,4190.381474,30185.59458,30161.22,1594.562291,897.08
31449.86,4161.820959,30125.67904,30125.66,1596.053233,897.2
30572.55,4032.263858,30065.7084,30059.57,1597.543776,897.32
27347.87,3933.610167,30005.68693,30021.33,1599.033921,897.44
22990.83,3780.259879,29945.61887,29886.99,1600.523668,897.56
18491.02,3661.012991,29885.50853,29893.65,1602.013016,897.68
13832.63,3483.769496,29825.35995,29845.58,1603.501966,897.8
9633.07,3312.52939,29765.1772,29739.3,1604.990518,897.92
6573.49,3102.492666,29704.96444,29689.21,1606.478672,898.04
4646.6,2917.65932,29644.7257,29575.66,1607.966428,898.16
3536.58,2792.029346,29584.46496,29539.11,1609.453787,898.28
2927.45,2720.602739,29524.18582,29447.67,1610.940749,898.4
2616.24,2721.779494,29463.89167,29379.28,1612.427313,898.52
2454.47,2769.759604,29403.58552,29307.29,1613.913481,898.64
2373.33,2856.943066,29343.26996,29293.76,1615.399251,898.76
2322.52,2909.129872,29282.94707,29256.49,1616.884625,898.88
2273.12,2931.020019,29222.61872,29163.25,1618.369603,899
2227.23,2913.9135,29162.28663,29138.29,1619.854184,899.12
2187.57,2813.01031,29101.95221,29047.69,1621.338369,899.24
2166.11,2670.310443,29041.61678,29006.61,1622.822157,899.36
2160.17,2502.513894,28981.28137,28917.42,1624.30555,899.48
2166.68,2335.520658,28920.94683,28916.18,1625.788547,899.6
2172.66,2192.230729,28860.61371,28755.18,1627.271149,899.72
2180.54,2108.644101,28800.28252,28714.89,1628.753355,899.84
2207.67,2073.260769,28739.95324,28638.46,1630.111696,899.95
2286.33,2058.380727,28679.62544,28601.56,1631.593145,900.07
2417.56,2089.80397,28619.29816,28594.45,1633.074198,900.19
2580.73,2126.630493,28558.97009,28502.14,1634.554857,900.31
2769.06,2157.060288,28498.63974,28473.55,1636.035121,900.43
3005.02,2194.893352,28438.30538,28434.63,1637.514991,900.55
3343.21,2217.429679,28377.96513,28395.85,1638.994466,900.67
3932.49,2219.869262,28317.61711,28320.91,1640.473547,900.79
5174.52,2209.512096,28257.25952,28251.49,1641.952234,900.91
7895.16,2209.858176,28196.89056,28197.87,1643.307352,901.02
12837.31,2189.107495,28136.50844,28171.47,1644.785284,901.14
18483.46,2149.460049,28076.11134,28058.42,1646.262823,901.26
22553.09,2146.615831,28015.69763,28045.91,1647.739968,901.38
24374.6,2108.574837,27955.26558,27943.95,1649.21672,901.5
24115.79,2089.037059,27894.81364,27913.42,1650.693079,901.62
21395.01,2065.002493,27834.34017,27873.9,1652.046063,901.73
16282.24,2042.171132,27773.84363,27815.18,1653.521669,901.85
10956.66,2003.042972,27713.3227,27789.32,1654.996882,901.97
7152.93,1968.218006,27652.77624,27701.21,1656.471703,902.09
4866.42,1924.296229,27592.20351,27689.24,1657.946132,902.21
3520.54,1855.877634,27531.60399,27558.74,1659.420168,902.33
2699.57,1800.962216,27470.97767,27508.88,1660.771024,902.44
2170.44,1709.34997,27410.32466,27458.66,1662.244309,902.56
1846.46,1623.940889,27349.64526,27412.76,1663.717203,902.68
1647.32,1531.934968,27288.94002,27309.11,1665.189705,902.8
1525.63,1465.1322,27228.2098,27298.84,1666.661815,902.92
1439.58,1397.332581,27167.45556,27186.21,1668.010906,903.03
1371.91,1350.236104,27106.67861,27132.79,1669.482267,903.15
1310.66,1274.542764,27045.88037,27118.09,1670.953237,903.27
1264.09,1233.352554,26985.06237,27060.9,1672.423816,903.39
1225.46,1205.465469,26924.22651,27017.08,1673.771504,903.5
1200.53,1180.181503,26863.37507,26905.71,1675.241334,903.62
1182.86,1159.30065,26802.5108,26847.95,1676.710774,903.74
1176.2,1151.922904,26741.63665,26754.45,1678.179824,903.86
1171.28,1114.04826,26680.7558,26718.89,1679.526111,903.97
1174.58,1104.176711,26619.8715,26695.13,1680.994413,904.09
1173.42,1096.608252,26558.98719,26612.69,1682.462326,904.21
1173.89,1075.542876,26498.10668,26566.07,1683.929849,904.33
1170.71,1058.380579,26437.23405,26486.8,1685.274737,904.44
1163.07,1063.221354,26376.37372,26460.71,1686.741514,904.56
1149.2,1040.465195,26315.53036,26386.55,1688.207902,904.68
1135.84,1033.512096,26254.70907,26364.59,1689.551749,904.79
1122,1015.762051,26193.91529,26301.6,1691.017392,904.91
1106.1,986.9150549,26133.15502,26188.58,1692.482646,905.03
1096.4,992.4711013,26072.43479,26143.1,1693.825454,905.14
1084.62,971.2301843,26011.76141,26056.8,1695.289963,905.26
1075.6,969.592298,25951.14204,26005.7,1696.754084,905.38
1067.24,957.1574365,25890.58409,25954.74,1698.095855,905.49
1061.38,956.4255938,25830.0952,25842.91,1699.559232,905.61
1055.04,944.196764,25769.68336,25809.2,1701.022222,905.73
1054.68,931.3709412,25709.35663,25757.71,1702.362955,905.84
1052.64,925.3481195,25649.12323,25654.67,1703.825202,905.96
1051.87,910.0282928,25588.99167,25594.53,1705.287062,906.08
1058.1,897.3114552,25528.97046,25535.02,1706.62676,906.19
1064.23,901.7976008,25469.06814,25463.82,1708.087877,906.31
1074.28,900.0867236,25409.29327,25429.67,1709.548608,906.43
1089.37,905.5788176,25349.65441,25340.89,1710.887272,906.54
1106.58,893.8738768,25290.16021,25234.65,1712.347262,906.66
1135.23,907.2718954,25230.81927,25200.34,1713.685246,906.77
1161.31,895.9728673,25171.63992,25086.93,1715.144495,906.89
1184.87,893.2767864,25112.63032,25046.79,1716.603359,907.01
1202.47,890.7836469,25053.79824,24974.63,1717.940311,907.12
1208.17,891.7934428,24995.15109,24933.3,1719.398434,907.24
1206.03,909.7061679,24936.6959,24858.36,1720.734709,907.35
1190.11,922.1218164,24878.43939,24779.18,1722.192093,907.47
1168.79,928.5403822,24820.38787,24718.19,1723.649092,907.59
1145.7,940.4618594,24762.54719,24681.38,1724.984336,907.7
1120.96,944.1862418,24704.92265,24607.7,1726.440597,907.82
1098.7,952.7135235,24647.51917,24567.73,1727.775165,907.93
1073.72,963.6436984,24590.34117,24446.31,1729.230688,908.05
1051.76,980.3767605,24533.39268,24398.97,1730.564579,908.16
1027.44,992.1127039,24476.67702,24318.51,1732.019365,908.28
1005.6,1037.551522,24420.1968,24285.38,1733.473767,908.4
983.04,1036.09321,24363.95387,24199.09,1734.806631,908.51
962.31,1026.33776,24307.94942,24163.57,1736.260297,908.63
946.97,1032.685168,24252.18377,24121.2,1737.592486,908.74
937.38,1031.635426,24196.65655,24044.71,1739.045416,908.86
929.47,1037.78853,24141.36674,23983.67,1740.376931,908.97
925.88,1033.444472,24086.31253,23957.34,1741.829126,909.09
921.93,1026.303247,24031.49136,23903.32,1743.159967,909.2
920.7,1028.764848,23976.89999,23861.73,1744.611427,909.32
920.37,1006.12927,23922.53456,23808.82,1745.941596,909.43
920.6,1015.296507,23868.39062,23753.08,1747.392322,909.55
918.7,990.9665514,23814.46318,23680.88,1748.721818,909.66
919.12,978.0393984,23760.74664,23637.4,1750.17181,909.78
918.21,975.3150415,23707.23474,23634.28,1751.500634,909.89
915.7,976.4934747,23653.92062,23576.58,1752.949894,910.01
916.85,1003.574692,23600.79704,23531.71,1754.278046,910.12
911.6,978.7586866,23547.85638,23519.09,1755.605877,910.23
908,978.3454531,23495.09066,23454.35,1757.054054,910.35
905.18,973.6349852,23442.49179,23425.96,1758.381215,910.46
902.72,970.2272766,23390.05143,23371.39,1759.82866,910.58
899.42,961.9223213,23337.7612,23324.66,1761.15515,910.69
894.89,966.320113,23285.61259,23239.99,1762.601865,910.81
891.77,969.2206458,23233.59707,23196.86,1763.927685,910.92
887.88,987.9239133,23181.70583,23173.99,1765.37367,911.04
883.46,977.9299094,23129.92991,23128.96,1766.698821,911.15
882.05,980.738628,23078.2603,23054.91,1768.023652,911.26
880.02,976.6500629,23026.688,23016.58,1769.468557,911.38
879.58,967.4642079,22975.20386,22965.67,1770.79272,911.49
880.61,967.6810568,22923.79872,22964.26,1772.236896,911.61
882.35,962.3006035,22872.46334,22909.71,1773.560391,911.72
883.13,963.2228417,22821.1887,22866.56,1774.883566,911.83
887.28,996.5477654,22769.96595,22829.96,1776.326665,911.95
885.11,983.9753681,22718.7865,22770.73,1777.649173,912.06
884.06,992.2056439,22667.64202,22701.83,1778.971362,912.17
882.19,1005.238586,22616.52447,22682.72,1780.413386,912.29
878.64,992.6741894,22565.42596,22630.57,1781.734909,912.4
878.69,997.4124467,22514.33894,22566.75,1783.056112,912.51
876.23,983.5533521,22463.25619,22516.9,1784.497062,912.63
874.08,975.3968994,22412.17075,22502.77,1785.8176,912.74
873.1,969.3430823,22361.07592,22467.67,1787.13782,912.85
871.71,953.4918946,22309.96545,22411.92,1788.577696,912.97
872.03,950.44333,22258.83365,22370.05,1789.897251,913.08
870.56,933.3973823,22207.67531,22356.99,1791.216488,913.19
869.38,921.5540452,22156.48579,22257.14,1792.655292,913.31
870.3,917.6133126,22105.26119,22248.52,1793.973865,913.42
871.14,919.175178,22053.99812,22184.42,1795.292119,913.53
871.37,913.0396353,22002.69391,22150.75,1796.729854,913.65
870.26,919.6066782,21951.34653,22079.7,1798.047445,913.76
871.04,909.2763003,21899.9547,22026.02,1799.364719,913.87
870.42,906.6484955,21848.51777,21967.17,1800.681676,913.98
870.44,910.0232574,21797.03574,21918.53,1802.117995,914.1
869.17,907.6005797,21745.50918,21858.2,1803.434289,914.21
868.96,899.5804562,21693.93928,21794.62,1804.750266,914.32
873.77,902.3628805,21642.32779,21787.9,1806.185517,914.44
867.25,888.5478464,21590.67698,21703.47,1807.500833,914.55
867.66,886.2353475,21538.98982,21637.64,1808.815832,914.66
868.16,874.5253775,21487.26987,21557.07,1810.130516,914.77
871.29,882.0179301,21435.52115,21502.08,1811.444882,914.88
869.07,844.5129989,21383.74807,21441.06,1812.878377,915
870.52,855.4105778,21331.95535,21369.49,1814.192083,915.11
866.32,835.6106602,21280.14798,21302.09,1815.505474,915.22
864.76,833.6132399,21228.33118,21214.11,1816.818549,915.33
861.35,832.7183106,21176.51025,21177.59,1818.250634,915.45
857.81,837.8258659,21124.69042,21100.03,1819.563049,915.56
856.25,851.5358994,21072.87693,21053.97,1820.875149,915.67
852.41,853.9484048,21021.07491,20954.86,1822.186934,915.78
851.7,857.1633758,20969.28936,20902.33,1823.498403,915.89
850.46,861.8808059,20917.525,20854.24,1824.928738,916.01
852.99,851.1006889,20865.78617,20774.82,1826.239549,916.12
853.41,862.5230183,20814.07691,20724.89,1827.550046,916.23
856.45,849.8477878,20762.40081,20615.68,1828.860227,916.34
858.53,841.874991,20710.76101,20607.1,1830.170094,916.45
863.92,843.1046216,20659.15992,20523.14,1831.479647,916.56
869.71,837.436673,20607.59942,20483.32,1832.788886,916.67
874.58,841.571139,20556.08072,20454.04,1834.216788,916.79
882.92,841.9080132,20504.60441,20414.72,1835.525369,916.9
886.52,841.847289,20453.17057,20373.51,1836.833637,917.01
890.79,830.5889603,20401.77881,20315.4,1838.141591,917.12
891.49,833.6330205,20350.42838,20274.07,1839.449231,917.23
891.97,825.0794632,20299.11806,20202.03,1840.756558,917.34
889.63,830.228282,20247.84628,20169.32,1842.063571,917.45
885.26,840.2794705,20196.61095,20113.39,1843.370271,917.56
881.02,829.6330223,20145.40963,20028.86,1844.795404,917.68
878.71,857.288931,20094.23942,20041.01,1846.101449,917.79
873.72,849.24719,20043.09687,19987.52,1847.407181,917.9
871.03,847.307793,19991.97824,19910.5,1848.7126,918.01
869.11,853.1707336,19940.87954,19923.08,1850.017706,918.12
869,847.0360053,19889.79635,19858.43,1851.322499,918.23
868.42,851.4036015,19838.72417,19837.64,1852.62698,918.34
869.37,859.673516,19787.65833,19807,1853.931149,918.45
870.39,860.3457422,19736.59417,19757.88,1855.235005,918.56
871.34,873.9202737,19685.52713,19738.45,1856.538548,918.67
875.35,890.097104,19634.45274,19662.53,1857.84178,918.78
879.01,897.1762266,19583.36681,19612.69,1859.1447,918.89
885.31,896.3576351,19532.26527,19519.12,1860.447307,919
892.16,908.8413229,19481.14423,19523.88,1861.749603,919.11
900.78,920.3272837,19429.9997,19485.64,1863.051587,919.22
911.21,940.8155108,19378.82792,19455.19,1864.35326,919.33
919.59,923.3059979,19327.62541,19372.3,1865.654621,919.44
926.35,926.8987384,19276.38906,19360.07,1866.955671,919.55
931.78,925.6937258,19225.116,19321.95,1868.25641,919.66
934.87,915.1909536,19173.80377,19252.12,1869.556837,919.77
933.97,930.0904152,19122.45039,19253.21,1870.856954,919.88
923.7,905.4921043,19071.05427,19178.98,1872.156759,919.99
914.45,893.8960143,19019.61449,19116.8,1873.456254,920.1
902.4,877.9021385,18968.13066,19059.74,1874.755438,920.21
894.6,870.9104706,18916.60287,18992.23,1876.054312,920.32
885.03,852.3210039,18865.03166,18961.43,1877.352875,920.43
879.28,847.833732,18813.41799,18864.45,1878.651128,920.54
878.24,840.8486482,18761.76324,18869.98,1879.94907,920.65
877.08,844.3657461,18710.06911,18798.28,1881.246703,920.76
879.25,848.9850191,18658.33778,18770.83,1882.544025,920.87
879.63,837.8064606,18606.57193,18727.84,1883.841038,920.98
884.46,853.8300641,18554.77475,18698.78,1885.13774,921.09
885.29,839.455823,18502.95006,18614.61,1886.316292,921.19
886.88,851.6837308,18451.10241,18585.09,1887.612404,921.3
885.36,847.2137808,18399.2369,18501.52,1888.908206,921.41
883.92,846.7459665,18347.35928,18437.82,1890.203699,921.52
879.25,850.6802813,18295.47585,18348.77,1891.498882,921.63
871.97,846.1167187,18243.59332,18340.28,1892.793757,921.74
867,852.455272,18191.71871,18271.24,1894.088322,921.85
860.29,862.2959346,18139.85948,18222.62,1895.382579,921.96
855.25,864.5387,18088.02352,18183.75,1896.676526,922.07
850.81,867.2835615,18036.21912,18132.07,1897.852574,922.17
849.87,889.1305126,17984.45506,18078.52,1899.145933,922.28
845.71,886.9795465,17932.74057,17992.56,1900.438983,922.39
844.51,892.6306568,17881.08539,17940.42,1901.731724,922.5
843,905.8838368,17829.49953,17834.93,1903.024158,922.61
841.12,908.4390799,17777.99331,17787.56,1904.316283,922.72
839.62,911.3963794,17726.57707,17723.12,1905.490675,922.82
838.55,926.6557287,17675.26121,17644.23,1906.782212,922.93
837.63,911.0171212,17624.05609,17599.07,1908.073442,923.04
838.62,923.3805502,17572.97194,17550.23,1909.364363,923.15
838.29,893.0460091,17522.01885,17498.44,1910.654977,923.26
839.19,889.1134912,17471.2068,17449.08,1911.827996,923.36
839.83,878.1829899,17420.54566,17420.27,1913.118023,923.47
840.09,861.2544985,17370.04517,17346.48,1914.407743,923.58
842.83,852.2280103,17319.71509,17277.91,1915.697156,923.69
844.79,858.3035187,17269.56504,17235.44,1916.986261,923.8
845.99,847.881017,17219.60446,17169.46,1918.157909,923.9
844.08,835.6604986,17169.84259,17118.81,1919.446429,924.01
845.3,828.4419567,17120.28845,17045.93,1920.734641,924.12
843.75,828.9253846,17070.95076,16969.68,1922.022548,924.23
842.64,827.8107758,17021.83792,16954.45,1923.193106,924.33
844.11,840.7981234,16972.95778,16898.41,1924.480427,924.44
843.3,833.9874207,16924.31788,16861.64,1925.767442,924.55
842,830.3786612,16875.92539,16813.22,1926.937189,924.65
844.63,843.971838,16827.78714,16761.28,1928.22362,924.76
843.91,830.6669444,16779.90967,16718.95,1929.509744,924.87
845.63,852.2639738,16732.29917,16694.19,1930.795562,924.98
845.43,849.6629195,16684.96155,16635.37,1931.964223,925.08
847.2,852.8637746,16637.90251,16568.19,1933.249458,925.19
848.38,863.6665325,16591.1275,16537.22,1934.534387,925.3
852.08,876.2711864,16544.64163,16479.65,1935.702239,925.4
854.22,886.6777296,16498.44975,16417.24,1936.986585,925.51
855.54,885.6861554,16452.55635,16350.33,1938.270626,925.62
858.54,904.696457,16406.96556,16319.82,1939.437671,925.72
860.1,930.1086276,16361.68097,16300,1940.72113,925.83
860.81,943.0226606,16316.70573,16253.84,1942.004283,925.94
858.2,951.6385491,16272.0427,16219.26,1943.170522,926.04
857.38,972.9562864,16227.69442,16194.22,1944.453093,926.15
854.19,985.9758657,16183.66317,16158.06,1945.618803,926.25
850.43,983.6972803,16139.95104,16141.88,1946.900793,926.36
846.58,979.8205233,16096.56002,16085.64,1948.182479,926.47
842.91,968.945588,16053.49209,16064.15,1949.347384,926.57
840.71,953.8724676,16010.74919,16008.4,1950.628488,926.68
840.18,941.1011553,15968.3333,15961.96,1951.909289,926.79
838.09,936.9316443,15926.24641,15946.11,1953.07339,926.89
836.56,910.9639278,15884.49045,15919.75,1954.35361,927
834.28,903.597999,15843.06747,15864.76,1955.517183,927.1
836.73,893.2338511,15801.97968,15862.97,1956.796824,927.21
837.52,888.4714773,15761.22941,15818.41,1957.95987,927.31
835.4,872.4108707,15720.8193,15807.17,1959.238931,927.42
836.83,862.8520245,15680.75226,15765.41,1960.517689,927.53
838.58,864.1949319,15641.03164,15752.84,1961.679932,927.63
839.97,852.6395861,15601.66122,15730.03,1962.958111,927.74
841.3,846.8859802,15562.64532,15679.23,1964.119829,927.84
844.7,854.7341074,15523.98893,15614.36,1965.397429,927.95
844.57,843.4839608,15485.6976,15569.06,1966.558621,928.05
846,851.4355336,15447.77733,15543.64,1967.835644,928.16
845.68,847.9888189,15410.23456,15512.44,1968.99631,928.26
842.12,834.5438098,15373.07619,15450.68,1970.272755,928.37
841.72,839.3004996,15336.30963,15435.75,1971.432896,928.47
840.67,841.4588813,15299.94269,15422.2,1972.708764,928.58
840.11,850.8189481,15263.98367,15358.61,1973.868381,928.68
840.28,863.5806931,15228.44148,15334.2,1975.143671,928.79
841.23,873.5441094,15193.32551,15290.88,1976.302764,928.89
842.29,895.4091901,15158.64568,15230.83,1977.577478,929
843.63,927.1759283,15124.41237,15191.45,1978.736046,929.1
844.46,967.5443172,15090.63637,15130.97,1980.010184,929.21
844.96,1009.31435,15057.32876,15109.01,1981.168229,929.31
844.72,1041.286019,15024.50085,15049.25,1982.441791,929.42
844.95,1074.159319,14992.16419,14998.91,1983.599313,929.52
843.7,1075.434241,14960.33047,14958.33,1984.756586,929.62
841.88,1067.610779,14929.0114,14936.71,1986.029299,929.73
841.13,1049.988927,14898.21869,14860.72,1987.186049,929.83
840.55,1028.068677,14867.96408,14880.41,1988.458187,929.94
840.56,990.5500223,14838.25913,14802.16,1989.614415,930.04
840.06,968.9329559,14809.11546,14772.7,1990.770394,930.14
840.53,935.8174709,14780.54451,14695.53,1992.041684,930.25
842.17,912.2035604,14752.55753,14665.42,1993.197142,930.35
843.09,905.1912174,14725.16536,14620.31,1994.467858,930.46
844.1,892.080435,14698.37838,14585.77,1995.622794,930.56
844.79,877.3712062,14672.20648,14533.41,1996.777482,930.66
849.87,898.963524,14646.65897,14493.93,1998.047352,930.77
846.57,868.3573815,14621.74444,14452.42,1999.201519,930.87
845.91,870.9527717,14597.47077,14380.74,2000.355438,930.97
846.62,869.5496875,14573.84494,14346.32,2001.624462,931.08
845.56,875.7481221,14550.87288,14297.38,2002.777861,931.18
844.89,863.8480684,14528.55938,14212.73,2003.931011,931.28